{
    "kiss_5841941223_-1002578226318": {
        "last_kiss": 1754989954.4103642
    },
    "kiss_977352479_-1002578226318": {
        "last_kiss": 1754929753.823854
    },
    "kiss_907347907_-1002578226318": {
        "last_kiss": 1755005341.8593075
    },
    "kiss_1478892091_-1002578226318": {
        "last_kiss": 1754939708.558804
    },
    "kiss_5998617049_-1002578226318": {
        "last_kiss": 1755005328.1111677
    },
    "kiss_380018267_-1002578226318": {
        "last_kiss": 1754930132.480285
    },
    "kiss_1072997316_-1002578226318": {
        "last_kiss": 1754942143.4681127
    },
    "kiss_1076278520_-1002578226318": {
        "last_kiss": 1754932734.3556488
    },
    "kiss_1066044736_-1002578226318": {
        "last_kiss": 1754936499.1933947
    },
    "kiss_1365615433_-1002578226318": {
        "last_kiss": 1754936532.17037
    }
}