{
  "work_7166339594_-1002812765224": {
    "last_work": 1755523387.2630615
  },
  "work_session_7166339594_-1002812765224": {
    "start_time": 1755523387.2717066,
    "clicks": 10,
    "active": false
  }
}